gender,age,city,income,want_to_get_health_insurance,probability
1,40,1,8000,1,0.7827663402623206
1,20,2,3000,0,0.3782441277351807
1,35,3,6000,1,0.6466639784596694
0,20,1,6000,1,0.7785688908664536
0,20,2,4000,1,0.6534035421018185
0,35,3,8000,1,0.8856917871565928
